{
  "posts": [
    {
      "id": 1,
      "content": "Some first content data",
      "author": "Author data 1"
    },
    {
      "id": 2,
      "content": "Some second content data",
      "author": "Author data 2"
    },
    {
      "id": 3,
      "content": "Some third content data",
      "author": "Author data 3"
    },
    {
      "id": 4,
      "content": "Some fourth content data",
      "author": "Author data 4"
    },
    {
      "id": 5,
      "content": "Some fifth content data",
      "author": "Author data 5"
    }
  ]
}