{
    "pets": [{
        "id": "5bb0888ee1d636567dc9f627",
        "name": "Yara",
        "description": "My dog Yara. 2 months old. doggy hjkhjk",
        "imageURL": "https://cdn1-www.dogtime.com/assets/uploads/2017/09/pit-bull-puppies-2.jpg",
        "category": "Dog",
        "likes": "3",
        "_acl": {
            "creator": "5bb0874caccb650325e0227b"
        },
        "_kmd": {
            "lmt": "2018-10-03T08:04:40.812Z",
            "ect": "2018-09-30T08:25:50.963Z"
        }
    }, {
        "id": "5bb08ba9e1d636567dca0767",
        "name": "Koko",
        "description": "This is my parrot Koko. He is one year old. He likes to sing a lot.",
        "imageURL": "https://cdn.omlet.co.uk/images/originals/fischer's-lovebird.jpg",
        "category": "Parrot",
        "likes": "2",
        "_acl": {
            "creator": "5bb088003e67d9190597f9a6"
        },
        "_kmd": {
            "lmt": "2018-09-30T14:50:06.184Z",
            "ect": "2018-09-30T08:39:05.063Z"
        }
    }, {
        "id": "5bb08bf342b2cd1521b1d5c2",
        "name": "Spirit",
        "description": "This is my horse Spirit. He is 5 years old. He likes to run around like crazy and go to horse races.",
        "imageURL": "https://bransbyhorses.co.uk/wp-content/uploads/2016/03/Sophie.jpg",
        "category": "Other",
        "likes": "4",
        "_acl": {
            "creator": "5bb088003e67d9190597f9a6"
        },
        "_kmd": {
            "lmt": "2018-10-03T08:04:29.599Z",
            "ect": "2018-09-30T08:40:19.085Z"
        }
    }, {
        "id": "5bb08c9453e0a859203640fe",
        "name": "Tommy",
        "description": "This is my cat Tomy. He is 1 year old and likes to play with my snake Snaky",
        "imageURL": "https://www.bluecross.org.uk/sites/default/files/assets/images/finding%20the%20right%20cat%20for%20you.jpg",
        "category": "Cat",
        "likes": "4",
        "_acl": {
            "creator": "5bb08c01eb7615589b4f360e"
        },
        "_kmd": {
            "lmt": "2018-10-02T12:19:07.215Z",
            "ect": "2018-09-30T08:43:00.308Z"
        }
    }, {
        "id": "5bb08d1353e0a859203643e6",
        "name": "Timmy",
        "description": "This is my cat Timmy. He is 2 months old and is very playful.йкнкй",
        "imageURL": "https://upload.wikimedia.org/wikipedia/commons/2/27/Black_white_cats.jpg",
        "category": "Cat",
        "likes": "2",
        "_acl": {
            "creator": "5bb0874caccb650325e0227b"
        },
        "_kmd": {
            "lmt": "2018-10-01T10:35:13.712Z",
            "ect": "2018-09-30T08:45:07.709Z"
        }
    }, {
        "id": "5bb096b542b2cd1521b211be",
        "name": "Lilly",
        "description": "This is my cat Lilly. She is 2 years old and is lazy",
        "imageURL": "https://www.bluecross.org.uk/sites/default/files/assets/images/124044lpr.jpg",
        "category": "Cat",
        "likes": "7",
        "_acl": {
            "creator": "5bb08c01eb7615589b4f360e"
        },
        "_kmd": {
            "lmt": "2018-10-03T08:04:26.028Z",
            "ect": "2018-09-30T09:26:13.051Z"
        }
    }, {
        "id": "5bb08c47e541f21900d8a7a1",
        "name": "Snaky",
        "description": "This is my snake Snaky. He is 5 months old and is very calm.",
        "imageURL": "https://upload.wikimedia.org/wikipedia/commons/thumb/0/0a/Snake_image.jpg/1280px-Snake_image.jpg",
        "category": "Reptile",
        "likes": "5",
        "_acl": {
            "creator": "5bb08c01eb7615589b4f360e"
        },
        "_kmd": {
            "lmt": "2018-09-30T10:35:01.294Z",
            "ect": "2018-09-30T08:41:43.490Z"
        }
    }]
}